{"cameraMode":{"drawMode":0,"name":"Shaded","section":"Shading Mode"},"sceneLighting":false,"audioPlay":false,"sceneViewState":{"showFog":true,"showMaterialUpdate":false,"showSkybox":false,"showFlares":true,"showImageEffects":true,"showParticleSystems":true},"in2DMode":false,"pivot":{"x":31.423803329467775,"y":-3.2493386268615724,"z":20.468381881713868},"rotation":{"x":0.016519814729690553,"y":-0.7906285524368286,"z":0.02135215327143669,"w":0.6117019653320313},"size":10.0,"orthographic":true}