{"cameraMode":{"drawMode":0,"name":"Shaded","section":"Shading Mode"},"sceneLighting":false,"audioPlay":false,"sceneViewState":{"showFog":true,"showMaterialUpdate":false,"showSkybox":false,"showFlares":true,"showImageEffects":true,"showParticleSystems":true},"in2DMode":false,"pivot":{"x":23.470701217651368,"y":-4.948638916015625,"z":9.901744842529297},"rotation":{"x":0.04975033551454544,"y":-0.8919800519943237,"z":0.10129529982805252,"w":0.43780139088630679},"size":2.366025447845459,"orthographic":false}